source_request_rate,system_request_rate,payload_size,cpu_demand,bw_demand,is_attack
1.56,23.66,2070,0.57,0.19,0
0.28,19.03,392,0.24,0.14,0
1.67,28.39,1326,0.32,0.24,0
1.70,13.01,856,0.20,0.22,0
0.44,21.75,479,0.42,0.07,0
0.28,25.97,543,0.28,0.21,0
0.94,29.48,361,0.37,0.22,0
0.54,21.92,1819,0.42,0.12,0
0.82,18.69,1086,0.45,0.24,0
1.20,10.75,693,0.52,0.14,0
0.66,13.92,859,0.58,0.15,0
1.20,10.16,129,0.45,0.11,0
1.24,17.42,1697,0.18,0.10,0
0.87,12.30,1328,0.55,0.09,0
1.72,22.56,452,0.43,0.25,0
1.69,23.88,533,0.35,0.06,0
0.17,19.68,547,0.23,0.14,0
0.37,26.35,1251,0.49,0.23,0
1.30,29.52,1130,0.28,0.12,0
2.06,13.62,1981,0.32,0.12,0
0.73,18.85,874,0.30,0.23,0
1.93,15.80,2078,0.15,0.06,0
1.20,15.64,478,0.59,0.23,0
1.56,10.18,1793,0.36,0.22,0
1.27,23.76,1775,0.34,0.11,0
0.25,27.77,2087,0.29,0.23,0
1.77,15.20,653,0.42,0.22,0
0.97,28.89,1991,0.43,0.17,0
1.08,17.23,1559,0.60,0.24,0
1.11,11.87,447,0.35,0.21,0
0.85,27.26,610,0.30,0.05,0
1.14,18.66,237,0.51,0.22,0
2.07,12.58,719,0.12,0.08,0
1.30,24.92,289,0.26,0.19,0
0.88,10.30,665,0.36,0.13,0
1.02,13.70,900,0.52,0.12,0
0.95,11.05,2086,0.58,0.13,0
0.11,15.63,1053,0.46,0.19,0
1.80,25.69,942,0.40,0.10,0
0.13,15.86,1429,0.39,0.07,0
0.97,20.98,1956,0.51,0.10,0
1.01,12.15,1181,0.29,0.18,0
1.78,11.94,2052,0.20,0.16,0
1.38,29.95,2050,0.39,0.21,0
1.13,11.49,793,0.21,0.19,0
1.39,19.30,642,0.28,0.16,0
1.63,20.51,1713,0.11,0.14,0
1.74,22.84,588,0.12,0.21,0
1.51,16.07,479,0.33,0.09,0
0.21,22.59,1598,0.18,0.19,0
0.89,19.09,1397,0.48,0.13,0
0.98,27.06,859,0.23,0.15,0
0.60,22.65,657,0.49,0.16,0
1.08,24.54,1198,0.57,0.10,0
1.39,28.89,2090,0.26,0.13,0
1.55,15.27,703,0.37,0.06,0
1.55,23.51,404,0.14,0.12,0
1.55,24.64,1571,0.25,0.16,0
0.94,29.27,1767,0.38,0.18,0
0.94,13.51,1665,0.53,0.13,0
1.30,28.66,1410,0.46,0.16,0
1.49,27.73,1436,0.30,0.06,0
0.30,28.33,1711,0.31,0.14,0
0.57,15.03,1942,0.38,0.07,0
1.32,28.41,616,0.43,0.20,0
0.39,14.87,1683,0.26,0.18,0
1.56,10.58,1382,0.10,0.23,0
0.56,17.63,1778,0.59,0.16,0
0.12,13.10,1573,0.40,0.24,0
0.69,22.59,1107,0.54,0.24,0
0.39,19.07,178,0.29,0.13,0
1.92,14.17,148,0.37,0.23,0
0.15,19.14,610,0.58,0.09,0
1.56,28.51,1906,0.39,0.17,0
1.52,24.11,255,0.21,0.22,0
0.56,26.38,1171,0.41,0.23,0
1.19,29.54,961,0.14,0.14,0
1.22,18.17,768,0.22,0.21,0
1.40,16.38,381,0.33,0.21,0
0.40,28.69,1204,0.21,0.20,0
1.41,13.94,445,0.17,0.16,0
1.30,14.56,1868,0.17,0.08,0
1.71,18.59,1348,0.42,0.12,0
0.76,21.60,854,0.34,0.23,0
1.07,16.66,1824,0.29,0.18,0
0.48,12.52,830,0.17,0.06,0
1.28,15.52,567,0.43,0.10,0
1.37,29.27,699,0.35,0.25,0
1.76,12.29,467,0.39,0.11,0
2.04,26.16,2070,0.48,0.18,0
0.58,22.43,326,0.54,0.08,0
0.26,26.99,2053,0.58,0.05,0
1.55,26.46,320,0.28,0.17,0
0.39,12.60,272,0.43,0.22,0
1.94,20.56,508,0.15,0.19,0
0.63,19.23,763,0.39,0.11,0
1.45,26.19,1267,0.25,0.10,0
1.67,18.64,1537,0.45,0.09,0
0.73,16.81,856,0.32,0.12,0
1.06,16.16,182,0.29,0.19,0
0.74,29.43,462,0.39,0.13,0
1.37,29.27,291,0.29,0.09,0
0.64,22.27,1641,0.51,0.16,0
1.87,25.79,1644,0.36,0.11,0
0.32,29.43,428,0.52,0.06,0
2.05,27.75,2009,0.30,0.18,0
0.42,27.83,1618,0.51,0.07,0
0.52,12.09,935,0.11,0.17,0
0.81,17.25,2029,0.46,0.22,0
1.13,22.84,1374,0.52,0.19,0
0.38,29.63,1565,0.22,0.20,0
1.02,20.16,338,0.37,0.08,0
1.91,17.55,1231,0.49,0.12,0
0.35,18.40,735,0.48,0.12,0
0.64,25.39,219,0.46,0.21,0
0.74,11.55,497,0.45,0.25,0
1.77,20.04,365,0.59,0.12,0
0.94,29.30,963,0.57,0.06,0
1.10,24.82,1545,0.45,0.07,0
1.57,23.78,1739,0.30,0.23,0
0.87,15.54,368,0.47,0.20,0
0.30,10.67,500,0.17,0.21,0
1.64,22.18,589,0.54,0.18,0
0.88,14.54,358,0.57,0.09,0
1.35,12.99,675,0.25,0.15,0
1.93,19.78,1469,0.23,0.23,0
0.75,22.30,1776,0.57,0.16,0
1.10,14.11,1327,0.16,0.07,0
0.14,25.70,1973,0.25,0.16,0
1.80,23.99,1920,0.51,0.06,0
1.76,27.02,901,0.55,0.05,0
0.86,28.03,1332,0.51,0.15,0
1.35,25.36,135,0.43,0.16,0
1.14,17.26,1921,0.17,0.15,0
1.92,29.08,822,0.15,0.18,0
1.68,11.24,1152,0.50,0.23,0
1.87,14.26,1205,0.40,0.13,0
1.92,13.02,180,0.15,0.18,0
0.92,23.96,272,0.24,0.08,0
0.35,26.14,1938,0.22,0.20,0
0.50,23.27,1073,0.41,0.19,0
1.21,12.89,256,0.18,0.13,0
0.93,25.29,1332,0.50,0.22,0
0.74,28.78,1770,0.26,0.10,0
0.76,11.73,2074,0.53,0.13,0
1.77,19.09,1933,0.30,0.22,0
2.04,20.24,510,0.28,0.06,0
1.03,24.41,1728,0.42,0.08,0
1.43,17.57,1163,0.36,0.12,0
1.45,12.00,113,0.31,0.17,0
1.25,11.75,1315,0.29,0.23,0
0.75,26.88,130,0.51,0.22,0
1.02,29.11,1183,0.56,0.10,0
1.19,29.91,498,0.23,0.24,0
1.51,15.02,562,0.27,0.21,0
1.23,24.77,585,0.29,0.06,0
1.97,27.78,849,0.12,0.11,0
1.02,14.65,968,0.33,0.19,0
0.28,24.72,588,0.58,0.18,0
1.95,13.44,2072,0.29,0.07,0
1.91,10.23,1170,0.35,0.08,0
1.36,27.10,530,0.34,0.17,0
0.50,23.57,1968,0.35,0.17,0
1.68,29.80,1457,0.53,0.09,0
1.84,13.77,340,0.16,0.06,0
1.22,19.37,851,0.25,0.14,0
1.70,16.77,478,0.12,0.21,0
1.54,20.37,582,0.26,0.20,0
0.58,28.56,2002,0.38,0.23,0
1.41,25.87,185,0.29,0.06,0
1.36,11.53,317,0.19,0.10,0
2.05,29.90,1881,0.35,0.23,0
1.62,28.21,450,0.47,0.10,0
1.59,29.79,521,0.47,0.17,0
0.76,27.41,1831,0.49,0.11,0
0.26,16.17,351,0.20,0.14,0
1.71,16.23,545,0.24,0.23,0
1.79,14.49,553,0.52,0.11,0
1.77,28.38,898,0.32,0.25,0
0.82,15.22,1688,0.35,0.22,0
0.44,24.73,1038,0.24,0.19,0
1.36,24.04,1371,0.23,0.14,0
1.44,17.12,1289,0.53,0.17,0
0.19,23.02,2099,0.18,0.14,0
0.57,22.47,307,0.48,0.19,0
1.93,22.03,947,0.11,0.06,0
2.02,19.66,1576,0.41,0.08,0
2.05,15.69,561,0.27,0.23,0
0.29,19.05,1902,0.17,0.07,0
0.30,13.96,548,0.53,0.05,0
1.56,14.38,1575,0.20,0.23,0
0.71,27.45,104,0.23,0.11,0
1.53,19.20,1021,0.54,0.15,0
1.08,22.65,1357,0.41,0.14,0
1.36,23.93,2093,0.30,0.19,0
0.86,26.68,1697,0.57,0.15,0
1.28,23.84,1271,0.33,0.05,0
2.06,17.55,219,0.28,0.11,0
1.33,26.63,724,0.27,0.16,0
1.93,26.77,864,0.39,0.22,0
0.93,22.36,103,0.36,0.19,0
0.33,21.57,1082,0.28,0.09,0
0.18,21.89,1869,0.19,0.21,0
1.95,15.75,703,0.20,0.17,0
0.64,21.33,738,0.14,0.12,0
0.89,11.74,813,0.58,0.11,0
0.58,13.21,138,0.34,0.12,0
1.98,20.32,839,0.37,0.08,0
1.28,19.10,2026,0.12,0.17,0
2.07,24.05,1799,0.32,0.20,0
1.51,22.59,185,0.13,0.25,0
1.76,26.39,956,0.14,0.19,0
2.10,22.74,1211,0.40,0.11,0
1.60,24.90,1254,0.37,0.22,0
1.31,10.98,1056,0.40,0.11,0
2.10,14.40,451,0.36,0.23,0
1.90,23.30,498,0.57,0.17,0
0.80,21.83,1290,0.14,0.19,0
2.04,24.57,1667,0.49,0.16,0
0.55,18.69,466,0.19,0.24,0
1.65,27.96,572,0.55,0.20,0
1.40,28.65,1974,0.22,0.22,0
1.70,21.48,466,0.44,0.25,0
0.57,22.54,820,0.26,0.18,0
0.46,24.62,1100,0.56,0.15,0
1.94,23.74,340,0.13,0.14,0
0.22,18.56,1327,0.36,0.15,0
0.97,13.75,327,0.43,0.16,0
0.82,24.96,1174,0.29,0.09,0
2.04,16.94,1325,0.23,0.15,0
1.72,12.70,1693,0.58,0.23,0
1.56,28.80,915,0.47,0.23,0
0.75,29.78,296,0.31,0.15,0
1.90,26.80,2093,0.24,0.22,0
1.24,22.31,644,0.28,0.22,0
0.78,18.73,265,0.23,0.09,0
0.82,14.69,1016,0.24,0.14,0
1.58,16.97,1714,0.36,0.10,0
2.01,17.95,1840,0.14,0.23,0
1.48,21.18,261,0.52,0.07,0
1.10,18.72,455,0.53,0.20,0
1.63,12.38,1084,0.55,0.23,0
0.51,18.26,376,0.19,0.12,0
1.25,22.79,800,0.25,0.06,0
1.57,13.77,1605,0.16,0.15,0
1.91,20.85,821,0.25,0.23,0
1.51,29.23,1756,0.49,0.13,0
0.46,14.18,1223,0.58,0.15,0
1.14,13.33,1182,0.32,0.07,0
1.44,18.29,173,0.33,0.23,0
1.73,20.14,231,0.49,0.13,0
1.73,10.33,113,0.47,0.16,0
0.62,15.29,2049,0.37,0.15,0
1.51,20.17,802,0.47,0.19,0
1.31,23.81,1412,0.36,0.05,0
0.48,25.07,880,0.14,0.12,0
1.35,21.35,1089,0.20,0.10,0
0.29,21.54,458,0.33,0.10,0
1.24,25.61,1132,0.60,0.16,0
2.09,17.58,1591,0.36,0.13,0
0.89,15.72,452,0.10,0.21,0
0.53,25.89,799,0.14,0.05,0
0.15,28.78,1421,0.26,0.10,0
0.35,27.26,900,0.24,0.16,0
0.17,14.31,1672,0.54,0.24,0
0.89,29.52,1573,0.59,0.17,0
1.20,19.00,1478,0.43,0.21,0
1.47,21.10,378,0.22,0.09,0
0.32,24.98,1093,0.50,0.17,0
0.95,25.59,1994,0.35,0.08,0
0.70,20.48,1534,0.22,0.18,0
1.33,15.28,332,0.16,0.16,0
0.87,24.78,1613,0.23,0.12,0
0.28,17.53,1738,0.20,0.19,0
1.76,10.35,2084,0.14,0.11,0
0.72,12.41,1113,0.24,0.08,0
1.51,26.13,1408,0.22,0.05,0
1.15,26.77,1117,0.18,0.14,0
0.32,13.39,864,0.50,0.08,0
1.49,21.12,129,0.44,0.08,0
0.57,25.57,924,0.47,0.05,0
1.96,29.39,271,0.25,0.05,0
1.42,15.17,584,0.51,0.13,0
1.92,22.09,193,0.31,0.18,0
0.71,20.82,1024,0.15,0.19,0
0.19,20.33,492,0.51,0.18,0
1.68,16.44,1983,0.45,0.15,0
1.99,19.37,1472,0.24,0.05,0
1.70,21.20,449,0.34,0.20,0
0.76,14.68,773,0.30,0.15,0
0.58,12.66,199,0.21,0.08,0
1.37,28.25,262,0.49,0.09,0
1.56,27.85,1301,0.27,0.13,0
0.62,11.92,1123,0.29,0.21,0
0.96,23.50,1591,0.45,0.23,0
0.59,29.73,1509,0.43,0.11,0
1.85,20.46,1100,0.50,0.22,0
0.81,11.20,1462,0.18,0.24,0
0.17,29.65,1047,0.49,0.08,0
1.76,19.68,790,0.43,0.15,0
1.77,12.89,1791,0.27,0.18,0
1.03,29.92,1290,0.26,0.20,0
1.74,19.52,631,0.40,0.14,0
0.28,29.49,1410,0.25,0.22,0
0.88,28.05,1456,0.30,0.15,0
0.40,14.02,1367,0.18,0.13,0
1.46,22.29,1631,0.10,0.07,0
1.89,22.22,283,0.59,0.14,0
1.41,19.64,1344,0.32,0.07,0
1.64,28.86,882,0.56,0.09,0
0.83,23.66,2001,0.23,0.10,0
0.65,26.06,1366,0.36,0.12,0
0.99,12.85,287,0.41,0.10,0
1.55,24.14,1157,0.31,0.09,0
0.13,27.83,1690,0.30,0.24,0
1.60,17.98,2039,0.52,0.24,0
2.01,25.20,638,0.49,0.06,0
1.51,24.66,199,0.38,0.18,0
0.63,17.06,1607,0.54,0.10,0
1.98,29.86,1640,0.48,0.18,0
1.46,20.87,2047,0.60,0.15,0
0.21,18.50,1241,0.33,0.12,0
1.96,15.33,1940,0.41,0.24,0
1.23,11.69,343,0.45,0.12,0
1.11,15.44,2094,0.50,0.24,0
0.38,23.89,1165,0.25,0.17,0
1.33,13.73,1087,0.29,0.11,0
1.16,11.53,1195,0.50,0.19,0
1.60,21.68,1400,0.54,0.18,0
1.33,11.19,901,0.24,0.21,0
0.36,15.40,395,0.23,0.10,0
0.41,26.22,1410,0.53,0.19,0
0.28,10.00,713,0.38,0.13,0
0.20,23.37,277,0.32,0.10,0
0.37,10.59,1504,0.41,0.14,0
0.79,24.02,617,0.31,0.22,0
1.05,28.95,500,0.33,0.08,0
0.16,20.68,1814,0.15,0.19,0
0.93,16.90,1918,0.32,0.13,0
2.05,19.57,824,0.31,0.10,0
1.62,21.01,1034,0.35,0.16,0
0.53,18.55,119,0.60,0.09,0
1.51,15.06,162,0.52,0.15,0
1.35,19.90,1386,0.21,0.05,0
0.84,17.66,909,0.58,0.12,0
1.90,21.90,1889,0.11,0.07,0
0.72,21.13,1905,0.58,0.11,0
0.39,30.00,1238,0.19,0.14,0
1.88,24.45,301,0.59,0.10,0
0.45,29.26,984,0.47,0.11,0
0.25,17.07,1921,0.55,0.18,0
0.25,17.25,956,0.13,0.21,0
1.78,13.70,993,0.34,0.20,0
1.47,23.93,1240,0.43,0.22,0
1.09,22.94,295,0.15,0.15,0
0.90,12.55,430,0.11,0.18,0
1.74,19.05,1506,0.16,0.13,0
1.55,29.94,1827,0.28,0.14,0
1.08,26.11,474,0.12,0.14,0
1.84,23.29,1306,0.30,0.09,0
0.30,14.66,768,0.28,0.19,0
0.81,13.51,724,0.28,0.24,0
1.94,22.20,1718,0.59,0.15,0
0.26,10.59,833,0.15,0.12,0
0.90,23.38,871,0.15,0.16,0
1.63,17.80,1024,0.15,0.24,0
0.85,13.74,1756,0.24,0.06,0
1.92,14.44,1383,0.13,0.21,0
1.60,14.98,1964,0.49,0.17,0
1.18,23.21,1419,0.18,0.12,0
1.89,19.23,1798,0.36,0.17,0
1.20,28.89,711,0.25,0.24,0
1.05,19.32,417,0.52,0.07,0
1.19,27.23,402,0.52,0.18,0
1.42,26.91,776,0.55,0.05,0
0.17,13.31,1953,0.17,0.10,0
1.08,13.37,488,0.16,0.23,0
0.17,19.02,1401,0.29,0.13,0
0.64,12.81,833,0.11,0.16,0
1.29,21.58,114,0.12,0.18,0
1.41,27.03,115,0.45,0.17,0
0.61,21.21,1570,0.25,0.10,0
1.28,28.35,785,0.26,0.18,0
0.97,18.99,2032,0.48,0.08,0
1.86,15.28,841,0.18,0.09,0
0.10,16.29,1416,0.48,0.14,0
2.10,21.04,1556,0.16,0.15,0
0.53,17.31,640,0.50,0.15,0
1.58,15.01,1173,0.28,0.11,0
0.93,21.65,167,0.49,0.17,0
1.37,16.85,1691,0.52,0.16,0
0.75,15.23,581,0.12,0.13,0
2.10,29.89,1384,0.39,0.23,0
1.07,25.73,1481,0.33,0.06,0
1.00,21.73,1676,0.49,0.07,0
0.90,16.82,1464,0.26,0.16,0
0.52,27.61,1998,0.20,0.11,0
1.53,19.46,383,0.35,0.10,0
0.68,21.90,1536,0.20,0.24,0
0.54,22.92,2094,0.35,0.23,0
0.25,17.00,1501,0.37,0.21,0
1.54,21.60,1482,0.49,0.24,0
0.13,21.33,1097,0.22,0.05,0
0.33,13.82,1977,0.26,0.10,0
1.66,11.60,1081,0.43,0.21,0
1.69,12.17,564,0.24,0.07,0
0.79,15.35,1142,0.43,0.11,0
1.69,17.99,190,0.51,0.19,0
1.05,26.71,117,0.19,0.13,0
0.70,12.63,256,0.36,0.06,0
1.38,29.64,494,0.50,0.16,0
1.18,28.86,656,0.21,0.18,0
0.98,23.44,404,0.55,0.20,0
0.20,12.47,778,0.38,0.25,0
1.31,15.72,106,0.42,0.17,0
0.92,23.77,1767,0.41,0.14,0
0.77,12.82,412,0.39,0.09,0
1.01,23.68,283,0.59,0.10,0
0.67,20.97,1327,0.37,0.17,0
0.75,27.87,1248,0.26,0.18,0
1.76,19.77,1499,0.17,0.16,0
1.16,14.14,1821,0.52,0.16,0
1.57,19.64,1495,0.51,0.21,0
1.88,28.00,962,0.28,0.06,0
1.99,28.69,1267,0.45,0.08,0
1.23,20.30,455,0.51,0.09,0
0.67,21.68,945,0.42,0.11,0
0.20,22.13,1642,0.12,0.13,0
1.24,14.53,1169,0.17,0.09,0
0.11,13.35,725,0.20,0.13,0
1.03,19.92,751,0.35,0.19,0
1.95,28.57,515,0.14,0.17,0
1.02,14.24,795,0.17,0.07,0
1.27,12.15,295,0.44,0.20,0
0.51,19.00,1565,0.46,0.09,0
1.52,14.73,1044,0.52,0.24,0
0.50,28.42,1783,0.13,0.08,0
1.27,23.29,660,0.57,0.05,0
0.27,19.28,1809,0.30,0.15,0
1.99,19.65,135,0.49,0.14,0
1.98,11.69,1528,0.51,0.07,0
0.36,11.80,553,0.51,0.16,0
1.50,16.27,716,0.40,0.16,0
0.48,29.83,1475,0.54,0.21,0
1.70,18.49,1250,0.13,0.20,0
1.33,27.31,900,0.51,0.24,0
1.74,25.12,608,0.41,0.13,0
1.69,10.23,1751,0.23,0.23,0
1.43,28.43,110,0.28,0.07,0
1.98,25.32,1559,0.34,0.07,0
1.20,26.26,1740,0.11,0.09,0
0.68,15.51,1363,0.45,0.12,0
1.82,19.32,809,0.12,0.18,0
0.14,12.11,1195,0.37,0.21,0
0.98,11.85,1890,0.60,0.21,0
1.70,20.27,1348,0.43,0.07,0
1.68,16.35,1782,0.24,0.22,0
1.81,27.99,674,0.11,0.11,0
0.33,15.54,1833,0.53,0.13,0
1.42,28.78,603,0.56,0.15,0
0.12,10.45,356,0.40,0.16,0
0.42,26.18,1847,0.11,0.09,0
0.43,24.41,1550,0.17,0.18,0
0.79,26.94,1914,0.24,0.13,0
1.61,18.30,282,0.20,0.20,0
1.21,14.44,1990,0.17,0.16,0
0.44,10.48,1812,0.21,0.17,0
1.10,11.63,780,0.27,0.14,0
0.56,29.63,1038,0.23,0.24,0
1.89,21.10,484,0.27,0.17,0
1.52,29.25,1500,0.15,0.10,0
1.70,12.63,1983,0.26,0.09,0
1.43,24.68,196,0.24,0.23,0
0.52,25.92,1451,0.51,0.12,0
0.31,28.43,1024,0.33,0.23,0
1.09,11.40,1216,0.44,0.21,0
1.78,16.04,563,0.38,0.21,0
1.55,13.20,579,0.43,0.14,0
0.46,17.53,184,0.16,0.18,0
0.59,19.71,1154,0.50,0.20,0
1.62,26.18,723,0.54,0.10,0
1.14,29.52,383,0.31,0.15,0
0.78,26.13,991,0.21,0.11,0
1.46,25.25,1788,0.24,0.07,0
0.20,13.67,1666,0.30,0.24,0
1.93,12.03,530,0.21,0.09,0
0.67,28.92,1471,0.43,0.18,0
1.93,22.79,1614,0.54,0.20,0
0.74,21.83,981,0.16,0.19,0
1.89,13.68,798,0.39,0.24,0
2.02,21.82,376,0.52,0.11,0
1.16,18.82,1504,0.34,0.20,0
0.46,11.00,347,0.55,0.21,0
1.92,17.82,2089,0.60,0.09,0
0.73,14.19,2000,0.15,0.16,0
1.33,28.66,599,0.12,0.10,0
0.25,25.80,1853,0.25,0.14,0
0.29,12.91,236,0.48,0.22,0
0.65,27.14,420,0.24,0.18,0
0.81,22.43,147,0.15,0.23,0
1.27,20.18,1202,0.40,0.12,0
1.77,15.54,1657,0.20,0.24,0
0.44,29.77,1644,0.12,0.07,0
1.62,26.09,1913,0.35,0.22,0
1.53,11.00,1790,0.44,0.17,0
0.77,20.35,1287,0.48,0.20,0
1.15,20.67,1916,0.41,0.09,0
1.50,24.40,362,0.18,0.16,0
0.86,26.44,970,0.38,0.16,0
0.76,25.35,524,0.43,0.19,0
1.33,18.50,1894,0.22,0.05,0
1.57,13.29,1246,0.54,0.15,0
1.06,13.00,1726,0.49,0.12,0
1.36,11.45,487,0.49,0.20,0
1.09,25.81,412,0.36,0.14,0
0.23,20.55,1680,0.44,0.17,0
0.98,26.49,522,0.60,0.15,0
0.23,10.28,1465,0.47,0.08,0
0.25,16.88,2003,0.36,0.08,0
1.35,29.31,1638,0.57,0.18,0
0.20,13.61,1540,0.51,0.10,0
0.56,24.41,895,0.37,0.13,0
0.89,22.71,1315,0.55,0.16,0
0.99,21.74,684,0.35,0.23,0
1.45,23.54,299,0.50,0.18,0
1.89,11.22,159,0.56,0.19,0
0.34,21.48,1626,0.54,0.21,0
0.15,27.23,1038,0.48,0.20,0
1.30,30.00,1738,0.17,0.18,0
0.27,23.35,1692,0.34,0.06,0
0.41,26.01,1504,0.37,0.17,0
1.84,26.67,912,0.46,0.25,0
1.70,15.93,455,0.37,0.10,0
2.00,15.92,502,0.33,0.23,0
1.82,24.72,788,0.13,0.15,0
2.01,11.89,539,0.20,0.20,0
1.96,12.71,1995,0.31,0.11,0
1.22,29.33,626,0.31,0.06,0
1.39,18.47,773,0.26,0.17,0
0.24,16.35,1477,0.21,0.07,0
1.35,26.42,1355,0.33,0.10,0
0.30,14.57,1651,0.58,0.20,0
1.38,13.50,253,0.53,0.20,0
0.85,22.82,637,0.57,0.13,0
1.57,23.41,2084,0.30,0.12,0
0.46,20.74,851,0.32,0.11,0
1.10,23.90,695,0.44,0.06,0
1.58,18.49,1394,0.60,0.14,0
1.80,29.70,1014,0.22,0.13,0
1.38,27.28,162,0.33,0.17,0
0.73,13.17,257,0.57,0.13,0
1.71,13.94,686,0.25,0.22,0
1.28,21.94,999,0.45,0.17,0
1.41,19.65,1082,0.44,0.10,0
0.89,12.25,844,0.42,0.23,0
1.80,25.04,1476,0.36,0.12,0
1.35,27.15,135,0.39,0.15,0
1.53,10.92,524,0.57,0.16,0
1.63,13.80,1439,0.52,0.09,0
2.06,25.90,866,0.41,0.19,0
0.23,21.14,435,0.40,0.19,0
0.83,13.99,1257,0.16,0.16,0
2.07,14.41,1275,0.52,0.22,0
0.97,24.55,740,0.56,0.17,0
1.46,29.64,146,0.46,0.18,0
1.23,21.80,848,0.37,0.17,0
0.55,15.93,393,0.33,0.08,0
0.46,24.14,167,0.19,0.22,0
0.92,27.77,1324,0.19,0.11,0
0.56,16.19,1793,0.45,0.13,0
1.97,24.90,1023,0.29,0.20,0
0.40,12.28,1846,0.59,0.09,0
1.59,21.64,875,0.55,0.09,0
1.43,28.83,1131,0.10,0.10,0
0.79,18.84,1170,0.33,0.14,0
0.50,26.19,388,0.38,0.07,0
1.32,18.07,1353,0.19,0.14,0
0.52,28.71,1896,0.31,0.14,0
1.77,26.65,948,0.48,0.17,0
1.50,25.26,182,0.24,0.23,0
1.99,13.23,937,0.29,0.13,0
1.90,17.67,1634,0.46,0.24,0
0.30,25.61,142,0.11,0.10,0
0.83,25.26,1244,0.15,0.23,0
0.62,17.48,721,0.28,0.10,0
1.27,13.89,1697,0.38,0.05,0
0.49,23.89,136,0.24,0.23,0
1.90,17.61,1771,0.15,0.07,0
1.00,20.22,211,0.32,0.22,0
2.00,20.05,564,0.46,0.12,0
1.77,16.56,1348,0.14,0.23,0
0.51,13.75,1129,0.34,0.20,0
1.31,25.74,461,0.24,0.19,0
2.08,11.51,1785,0.15,0.14,0
2.07,16.42,1531,0.52,0.13,0
1.56,21.45,533,0.15,0.25,0
0.28,26.99,1094,0.54,0.13,0
1.27,24.91,555,0.15,0.05,0
0.32,25.10,1919,0.55,0.05,0
1.33,20.31,1282,0.31,0.23,0
0.72,10.56,152,0.53,0.08,0
0.65,10.77,486,0.29,0.21,0
1.62,11.63,1583,0.12,0.23,0
0.50,13.26,912,0.27,0.21,0
2.04,21.82,1261,0.37,0.06,0
2.03,18.24,1801,0.22,0.12,0
0.64,18.44,872,0.35,0.16,0
0.81,16.71,1367,0.17,0.09,0
2.10,26.14,2001,0.49,0.25,0
0.89,25.53,569,0.24,0.10,0
1.56,29.17,1367,0.22,0.21,0
0.78,22.07,1617,0.22,0.14,0
1.88,29.87,1687,0.13,0.22,0
1.54,16.53,477,0.26,0.06,0
0.18,19.58,333,0.57,0.20,0
1.68,27.06,1074,0.28,0.05,0
0.72,16.10,2087,0.44,0.24,0
2.07,21.48,1530,0.22,0.11,0
1.61,27.51,1803,0.49,0.10,0
1.84,16.09,2021,0.19,0.17,0
0.88,25.55,1492,0.19,0.23,0
1.09,25.78,829,0.44,0.06,0
1.60,26.36,1597,0.56,0.19,0
1.25,20.90,870,0.18,0.24,0
0.79,14.54,683,0.50,0.21,0
1.56,21.74,1472,0.48,0.06,0
1.21,11.35,130,0.54,0.17,0
0.62,27.71,279,0.18,0.22,0
1.33,22.67,919,0.43,0.14,0
0.92,12.17,1498,0.21,0.13,0
0.81,28.73,1401,0.44,0.21,0
1.82,14.05,1952,0.28,0.17,0
1.33,23.65,242,0.60,0.07,0
0.91,14.14,1783,0.49,0.19,0
0.67,24.48,279,0.42,0.08,0
0.54,23.02,104,0.24,0.10,0
1.43,18.40,309,0.15,0.12,0
0.63,13.54,193,0.13,0.20,0
1.38,16.17,1316,0.53,0.18,0
0.55,16.59,1002,0.51,0.15,0
0.68,21.56,1920,0.24,0.12,0
0.28,17.04,1913,0.30,0.25,0
1.82,13.66,981,0.24,0.19,0
0.95,11.48,918,0.36,0.16,0
0.31,25.11,1508,0.57,0.16,0
0.96,11.53,1606,0.25,0.10,0
1.44,23.41,307,0.53,0.06,0
0.67,15.70,1717,0.50,0.08,0
0.74,20.21,589,0.28,0.17,0
0.86,13.69,280,0.52,0.13,0
0.63,25.93,1370,0.45,0.19,0
0.92,24.08,1703,0.14,0.16,0
0.57,23.12,621,0.28,0.11,0
1.82,23.40,1273,0.53,0.12,0
1.97,24.97,173,0.58,0.12,0
0.40,22.83,844,0.26,0.23,0
0.72,29.48,1059,0.37,0.10,0
0.57,15.13,1344,0.55,0.11,0
1.43,14.15,1702,0.39,0.08,0
0.78,23.98,781,0.21,0.18,0
1.15,26.58,666,0.43,0.15,0
0.64,19.58,226,0.17,0.12,0
0.45,16.45,1691,0.16,0.24,0
1.64,29.64,805,0.31,0.14,0
0.74,10.98,1085,0.27,0.24,0
1.28,20.59,1271,0.35,0.18,0
1.60,13.37,236,0.42,0.15,0
0.26,12.27,289,0.50,0.10,0
1.79,14.82,1896,0.24,0.16,0
0.72,28.17,1446,0.35,0.09,0
1.09,13.97,457,0.56,0.10,0
2.07,24.67,1937,0.34,0.09,0
1.29,23.00,1193,0.16,0.16,0
0.68,11.30,1646,0.52,0.09,0
1.07,14.52,1712,0.16,0.16,0
1.56,14.04,1065,0.46,0.24,0
1.32,22.15,261,0.42,0.06,0
0.83,11.20,354,0.51,0.20,0
1.88,21.94,1059,0.27,0.14,0
1.92,24.09,1945,0.49,0.23,0
0.59,26.26,1750,0.11,0.23,0
1.08,18.12,1887,0.47,0.23,0
0.59,20.86,1687,0.51,0.18,0
0.51,14.23,564,0.43,0.10,0
1.67,20.38,338,0.43,0.17,0
1.70,28.83,1084,0.43,0.21,0
0.19,24.05,1064,0.54,0.07,0
1.82,23.86,992,0.40,0.13,0
0.25,19.32,423,0.28,0.11,0
0.93,26.96,447,0.50,0.20,0
1.90,27.78,1930,0.35,0.21,0
0.31,21.74,379,0.35,0.12,0
1.39,10.06,1986,0.60,0.15,0
1.40,27.21,1239,0.21,0.07,0
1.60,22.40,874,0.27,0.08,0
1.29,28.04,117,0.32,0.21,0
1.03,22.33,158,0.52,0.21,0
0.90,26.90,218,0.16,0.07,0
1.06,16.73,131,0.28,0.19,0
0.68,11.05,1023,0.32,0.06,0
1.47,19.33,344,0.14,0.12,0
0.32,13.76,1197,0.34,0.16,0
0.48,25.68,1596,0.54,0.11,0
0.24,28.14,1600,0.19,0.11,0
0.11,27.81,481,0.19,0.06,0
0.22,25.07,155,0.51,0.12,0
1.22,20.46,1165,0.50,0.09,0
0.11,25.44,1055,0.30,0.14,0
1.10,11.94,109,0.48,0.12,0
1.54,19.17,1972,0.29,0.17,0
1.84,28.38,1394,0.21,0.17,0
0.79,22.37,1746,0.49,0.06,0
1.41,28.64,472,0.47,0.22,0
1.82,10.28,1635,0.47,0.18,0
1.45,18.29,359,0.50,0.06,0
0.99,23.22,1633,0.21,0.14,0
1.13,10.12,439,0.40,0.23,0
1.89,29.68,491,0.29,0.18,0
1.78,10.56,131,0.42,0.22,0
0.89,29.79,1735,0.36,0.21,0
1.56,14.24,1980,0.38,0.17,0
1.18,22.43,879,0.35,0.16,0
1.48,17.56,178,0.38,0.09,0
2.05,29.43,1541,0.13,0.08,0
1.12,22.28,211,0.27,0.24,0
0.51,25.24,1884,0.40,0.09,0
1.27,19.91,474,0.16,0.14,0
1.89,14.61,1524,0.31,0.15,0
1.41,19.10,105,0.40,0.16,0
1.42,18.79,117,0.56,0.15,0
0.67,10.39,942,0.15,0.23,0
1.81,18.90,375,0.39,0.21,0
1.08,10.48,1451,0.51,0.24,0
1.86,19.25,122,0.39,0.13,0
1.65,16.50,176,0.32,0.09,0
0.25,28.55,1099,0.40,0.09,0
0.83,29.67,844,0.24,0.11,0
1.95,19.86,1045,0.47,0.19,0
0.58,23.54,784,0.49,0.20,0
1.32,23.92,1404,0.44,0.24,0
2.02,18.29,1968,0.27,0.15,0
0.46,24.35,2033,0.57,0.14,0
2.08,24.24,2083,0.56,0.11,0
1.36,25.21,1284,0.14,0.07,0
1.27,29.89,2085,0.21,0.09,0
0.45,27.53,713,0.42,0.17,0
1.55,23.32,1167,0.25,0.12,0
1.54,29.68,1361,0.36,0.18,0
2.06,25.94,1249,0.40,0.22,0
1.10,24.82,266,0.44,0.12,0
0.56,22.86,770,0.42,0.22,0
1.56,19.63,803,0.38,0.09,0
1.38,29.14,1142,0.55,0.08,0
1.21,16.33,1350,0.41,0.08,0
0.65,17.41,402,0.43,0.24,0
0.37,13.83,1984,0.48,0.09,0
0.96,26.61,561,0.30,0.13,0
1.50,20.91,710,0.13,0.14,0
0.42,29.32,782,0.19,0.18,0
1.69,18.48,662,0.16,0.25,0
0.96,11.46,417,0.41,0.15,0
1.99,24.75,778,0.37,0.09,0
1.36,10.91,1395,0.57,0.10,0
1.60,22.94,541,0.23,0.12,0
1.41,25.04,1029,0.39,0.21,0
1.40,23.42,1440,0.23,0.20,0
1.66,18.24,1770,0.52,0.20,0
1.27,11.84,1493,0.53,0.22,0
0.33,10.10,573,0.23,0.09,0
1.49,17.89,1566,0.13,0.10,0
0.80,25.19,270,0.18,0.15,0
0.96,18.20,978,0.43,0.11,0
0.96,28.10,1875,0.20,0.18,0
1.69,17.31,1645,0.45,0.19,0
0.66,17.55,1707,0.32,0.11,0
1.12,15.69,1442,0.54,0.23,0
1.29,27.27,482,0.29,0.06,0
1.25,15.23,1475,0.10,0.08,0
1.17,14.49,385,0.19,0.13,0
1.49,24.95,473,0.29,0.11,0
1.00,25.30,1411,0.32,0.06,0
1.24,22.44,157,0.44,0.24,0
1.85,27.53,1784,0.10,0.13,0
1.88,26.53,825,0.56,0.21,0
1.03,25.86,1416,0.55,0.15,0
0.23,17.67,2007,0.29,0.18,0
1.71,18.07,525,0.49,0.15,0
1.04,26.83,1424,0.13,0.06,0
1.81,27.13,609,0.49,0.05,0
1.05,16.59,953,0.35,0.10,0
0.67,29.07,202,0.34,0.17,0
0.14,13.57,1263,0.58,0.13,0
0.29,16.82,1932,0.16,0.12,0
0.91,27.05,399,0.51,0.10,0
0.41,23.35,484,0.11,0.05,0
1.16,13.85,499,0.53,0.12,0
0.28,18.63,696,0.34,0.06,0
2.03,11.02,1204,0.13,0.22,0
1.72,10.21,109,0.28,0.13,0
0.94,12.58,1748,0.36,0.13,0
1.37,13.88,186,0.20,0.19,0
0.68,27.73,1708,0.38,0.19,0
0.72,29.14,1833,0.39,0.07,0
1.10,25.66,1784,0.47,0.08,0
0.80,16.62,1464,0.52,0.12,0
1.38,22.45,1564,0.35,0.16,0
1.79,29.28,717,0.35,0.14,0
1.66,15.91,514,0.47,0.12,0
1.00,25.62,659,0.32,0.17,0
1.28,15.12,535,0.21,0.09,0
1.22,27.51,275,0.26,0.16,0
0.61,26.71,1467,0.35,0.07,0
0.58,10.09,2065,0.56,0.21,0
1.94,26.70,663,0.12,0.24,0
2.03,26.87,922,0.59,0.08,0
0.75,17.81,1037,0.44,0.13,0
2.04,24.22,647,0.11,0.21,0
1.22,28.93,1302,0.20,0.11,0
0.42,27.33,329,0.41,0.11,0
1.15,27.71,856,0.16,0.22,0
1.30,15.20,1638,0.37,0.21,0
1.92,28.81,1832,0.47,0.12,0
1.53,19.88,1844,0.57,0.15,0
0.52,11.18,530,0.59,0.21,0
0.90,29.58,1116,0.53,0.08,0
0.96,20.09,1063,0.29,0.25,0
2.04,23.47,1046,0.32,0.09,0
1.13,29.70,239,0.18,0.17,0
1.28,28.83,1194,0.20,0.15,0
0.64,22.34,1898,0.45,0.23,0
1.31,15.86,1710,0.12,0.13,0
1.75,22.35,1354,0.47,0.23,0
1.43,18.13,2069,0.20,0.05,0
2.03,29.76,945,0.27,0.11,0
2.05,11.34,359,0.44,0.07,0
1.86,11.06,1183,0.39,0.12,0
0.10,17.83,1317,0.20,0.22,0
1.60,16.38,1473,0.58,0.05,0
1.73,17.92,254,0.39,0.08,0
0.60,14.17,1542,0.26,0.22,0
2.07,26.52,1739,0.47,0.17,0
0.45,26.10,1720,0.45,0.06,0
2.05,18.50,647,0.32,0.25,0
0.89,25.60,1902,0.13,0.12,0
0.69,14.89,176,0.58,0.08,0
0.82,22.79,1741,0.44,0.10,0
1.34,27.13,1803,0.39,0.24,0
1.07,24.15,339,0.33,0.05,0
0.37,11.80,1656,0.28,0.10,0
0.78,10.16,375,0.31,0.08,0
2.06,12.12,1689,0.33,0.14,0
1.98,10.66,1116,0.40,0.23,0
0.96,26.14,132,0.51,0.06,0
0.99,18.29,872,0.57,0.25,0
1.22,12.31,237,0.23,0.14,0
0.28,14.31,1381,0.46,0.11,0
1.49,12.25,1286,0.16,0.06,0
1.35,25.93,678,0.34,0.24,0
0.74,24.48,1822,0.40,0.06,0
0.36,17.75,1781,0.27,0.21,0
1.56,10.97,1294,0.34,0.08,0
1.00,26.36,469,0.35,0.14,0
1.94,25.07,1377,0.54,0.13,0
0.21,12.22,1229,0.48,0.17,0
0.49,25.43,515,0.40,0.05,0
1.22,11.36,355,0.32,0.23,0
1.95,16.83,346,0.39,0.22,0
0.66,15.50,317,0.59,0.12,0
1.95,29.90,1934,0.60,0.08,0
1.70,22.20,161,0.29,0.13,0
0.70,12.30,578,0.14,0.24,0
1.47,18.85,1684,0.36,0.08,0
1.37,23.88,896,0.49,0.12,0
0.61,27.08,1210,0.39,0.18,0
1.47,16.62,1251,0.29,0.18,0
1.29,14.61,1491,0.21,0.13,0
1.01,12.69,355,0.58,0.15,0
0.51,10.60,1555,0.40,0.10,0
0.95,17.43,160,0.12,0.20,0
0.30,27.88,1182,0.30,0.18,0
0.17,22.68,1228,0.18,0.19,0
1.39,17.78,175,0.47,0.13,0
0.79,12.63,1329,0.41,0.15,0
1.80,27.80,1969,0.54,0.10,0
1.10,15.90,1935,0.26,0.05,0
1.25,21.06,1325,0.16,0.06,0
1.89,27.32,604,0.19,0.18,0
1.87,23.55,906,0.35,0.14,0
2.02,17.93,2093,0.28,0.09,0
1.39,17.16,1648,0.42,0.06,0
0.13,18.13,2095,0.21,0.12,0
1.76,24.04,1640,0.34,0.17,0
1.50,16.40,1881,0.49,0.17,0
2.01,27.38,138,0.44,0.11,0
1.72,12.20,1577,0.23,0.23,0
1.96,19.40,799,0.36,0.18,0
1.06,10.56,1832,0.25,0.14,0
0.35,21.89,853,0.19,0.23,0
1.53,13.52,407,0.37,0.12,0
1.91,25.92,901,0.29,0.23,0
1.08,25.63,1349,0.51,0.15,0
0.25,29.84,399,0.15,0.18,0
1.72,22.62,1676,0.23,0.19,0
0.80,28.89,1166,0.13,0.18,0
0.25,15.76,1620,0.59,0.10,0
1.01,12.31,785,0.28,0.17,0
0.79,16.21,810,0.43,0.22,0
2.00,11.46,993,0.36,0.10,0
2.10,28.25,190,0.40,0.14,0
1.52,16.85,156,0.16,0.14,0
1.20,29.39,1580,0.50,0.09,0
1.26,20.50,452,0.57,0.11,0
0.12,14.88,1754,0.43,0.12,0
1.05,28.23,1152,0.41,0.13,0
1.48,18.30,981,0.26,0.19,0
1.74,17.55,1418,0.53,0.22,0
0.29,27.93,188,0.60,0.22,0
0.91,10.49,138,0.37,0.07,0
0.43,20.21,1890,0.43,0.21,0
1.22,24.68,1350,0.35,0.23,0
0.56,14.03,1223,0.54,0.16,0
0.76,16.98,921,0.34,0.13,0
0.50,20.33,1180,0.51,0.20,0
0.39,20.98,812,0.49,0.23,0
1.31,23.38,1982,0.56,0.16,0
0.37,15.18,524,0.48,0.05,0
1.65,19.79,122,0.59,0.11,0
1.63,28.03,1141,0.39,0.08,0
1.09,11.24,711,0.57,0.06,0
1.29,17.41,443,0.53,0.15,0
1.17,13.01,1011,0.50,0.22,0
0.17,14.89,1980,0.25,0.15,0
0.10,18.16,736,0.57,0.06,0
0.56,12.38,1536,0.57,0.21,0
1.59,19.60,784,0.30,0.14,0
1.25,10.92,505,0.15,0.15,0
1.30,22.57,2076,0.55,0.21,0
0.71,28.77,306,0.15,0.06,0
2.07,18.33,543,0.25,0.15,0
1.55,23.79,441,0.28,0.24,0
1.84,29.06,1253,0.47,0.21,0
1.91,15.75,509,0.28,0.05,0
0.25,27.45,212,0.20,0.16,0
0.38,19.24,1288,0.43,0.20,0
1.36,16.75,725,0.58,0.20,0
1.43,16.30,1824,0.36,0.17,0
0.81,15.89,1593,0.51,0.24,0
1.53,28.38,1067,0.25,0.14,0
0.66,20.02,398,0.24,0.11,0
0.49,20.46,212,0.21,0.07,0
1.75,17.63,1062,0.44,0.19,0
0.84,27.85,1070,0.19,0.17,0
2.05,17.42,1782,0.10,0.18,0
1.53,26.60,645,0.30,0.11,0
2.01,11.15,955,0.49,0.15,0
0.77,22.71,1142,0.28,0.16,0
1.62,10.58,1617,0.59,0.20,0
0.49,28.66,609,0.20,0.13,0
0.69,18.03,1369,0.26,0.11,0
0.62,14.09,1475,0.20,0.12,0
1.12,12.55,1158,0.60,0.19,0
1.78,25.20,426,0.35,0.17,0
1.75,28.26,1664,0.40,0.15,0
1.86,20.77,1765,0.36,0.11,0
1.99,11.53,867,0.54,0.24,0
0.59,28.47,1848,0.54,0.16,0
0.75,11.99,659,0.47,0.12,0
1.90,13.03,138,0.42,0.17,0
1.30,21.55,859,0.11,0.13,0
1.35,26.01,1599,0.37,0.23,0
1.48,11.81,216,0.59,0.21,0
1.65,27.30,689,0.12,0.12,0
0.35,23.80,1725,0.13,0.13,0
0.63,28.19,441,0.18,0.16,0
1.83,19.89,155,0.39,0.20,0
0.24,12.84,1437,0.12,0.23,0
1.93,12.07,2064,0.20,0.22,0
1.30,18.27,1538,0.13,0.12,0
0.91,19.34,1169,0.22,0.17,0
0.33,27.96,1833,0.48,0.24,0
1.80,21.28,1290,0.48,0.05,0
1.00,19.43,495,0.12,0.12,0
1.54,17.88,809,0.56,0.16,0
0.51,28.41,1540,0.39,0.15,0
1.79,10.80,607,0.22,0.05,0
0.77,29.85,1513,0.28,0.22,0
0.45,19.38,1471,0.57,0.20,0
0.44,18.45,1305,0.53,0.13,0
0.99,23.08,1654,0.60,0.16,0
0.65,23.09,1546,0.48,0.08,0
0.62,29.84,2058,0.51,0.12,0
1.73,24.49,1709,0.42,0.17,0
0.35,15.32,1431,0.41,0.11,0
1.54,17.99,1780,0.45,0.08,0
0.82,18.30,996,0.30,0.08,0
0.34,18.41,965,0.59,0.23,0
1.73,26.52,1984,0.36,0.09,0
0.59,20.64,1082,0.50,0.22,0
1.25,12.12,777,0.39,0.07,0
0.58,25.19,1955,0.52,0.22,0
19.36,118.30,10443,0.95,0.60,1
13.31,120.51,9890,0.95,0.96,1
22.13,98.54,3211,0.81,0.64,1
10.78,113.78,8736,0.63,0.86,1
7.60,72.33,9949,0.80,0.86,1
22.42,127.13,8490,0.66,0.48,1
17.72,82.93,5882,0.70,0.48,1
19.04,111.87,4509,0.68,0.99,1
12.86,50.38,6228,0.87,0.54,1
8.83,129.11,3726,0.60,0.38,1
5.95,38.78,9333,0.79,0.86,1
18.25,118.65,6956,0.93,0.96,1
8.06,126.00,2278,0.73,0.86,1
5.24,107.87,10546,0.67,0.84,1
20.41,101.87,8710,0.98,0.65,1
9.19,77.10,2065,0.97,0.67,1
12.41,32.47,7274,0.60,0.66,1
12.32,105.56,9596,0.81,0.84,1
11.41,87.20,1103,0.92,0.76,1
11.39,48.54,4686,0.80,0.57,1
17.77,85.09,3622,0.65,0.97,1
9.09,33.69,6386,0.70,0.52,1
19.87,38.73,7476,0.64,0.73,1
19.86,81.24,9371,0.91,0.72,1
13.19,71.17,5859,0.87,0.91,1
16.45,120.18,8003,0.87,0.37,1
9.30,129.23,8934,0.73,0.86,1
19.54,30.20,1859,0.81,0.58,1
5.60,37.22,8849,0.65,0.65,1
15.46,78.69,10015,0.87,0.93,1
20.16,78.71,2409,0.69,0.49,1
17.19,61.39,10285,0.64,0.62,1
8.58,33.55,2118,0.61,0.98,1
22.30,69.88,6022,0.76,0.70,1
14.75,126.23,10342,0.83,0.88,1
13.60,129.48,9859,0.70,0.89,1
24.12,79.98,4753,0.82,0.93,1
12.21,56.42,3338,0.71,0.59,1
17.27,37.22,2844,0.94,0.38,1
15.63,56.83,8546,0.85,0.98,1
12.56,71.24,10685,0.72,0.30,1
15.81,123.51,1328,0.67,0.30,1
11.70,125.97,3489,0.98,0.78,1
23.65,44.00,5678,0.72,0.53,1
10.09,63.63,5872,0.88,0.33,1
18.22,44.87,6698,0.66,0.55,1
11.85,91.59,8119,0.78,1.00,1
9.92,108.78,3921,0.66,0.94,1
5.34,57.63,6819,0.75,0.58,1
7.53,52.25,3610,0.68,0.93,1
13.20,103.91,1049,0.68,0.55,1
21.86,126.79,6719,0.65,0.57,1
9.36,84.03,10379,0.78,0.80,1
12.60,105.67,9843,0.69,0.85,1
18.73,82.04,7987,0.72,0.55,1
24.00,49.32,9721,0.91,0.70,1
15.28,99.15,6998,0.72,0.44,1
18.73,34.49,3970,0.78,0.78,1
9.65,109.27,2577,0.81,0.38,1
14.88,113.51,10955,0.81,0.46,1
14.63,120.24,8801,0.94,0.59,1
12.13,106.58,7219,0.85,0.88,1
22.62,50.37,8480,0.62,0.46,1
23.49,69.15,4851,0.60,0.72,1
20.17,74.37,2485,0.67,0.39,1
23.98,99.67,10435,0.86,0.31,1
6.71,35.91,9616,0.89,0.39,1
11.60,101.01,9745,0.83,0.36,1
15.22,67.71,7393,0.78,0.43,1
12.16,64.47,2673,0.81,0.71,1
11.62,57.65,4986,0.84,0.53,1
5.72,74.42,10661,0.94,0.38,1
6.80,99.82,5618,0.98,0.57,1
21.08,40.66,3265,0.68,0.66,1
14.76,62.52,5805,0.75,0.38,1
10.77,116.52,3865,0.76,0.42,1
23.88,77.51,4207,0.84,0.33,1
20.45,73.72,9710,0.63,0.67,1
23.54,122.93,2388,0.96,0.64,1
17.57,129.42,7595,0.89,0.57,1
9.12,120.11,6801,0.70,0.36,1
12.46,80.39,5307,0.77,0.83,1
23.03,108.83,8212,0.85,0.31,1
11.12,123.18,8807,0.77,0.99,1
7.78,74.42,4608,0.73,0.51,1
11.14,73.95,8390,0.88,0.85,1
23.82,54.26,4689,0.86,0.56,1
15.09,33.93,4126,0.67,0.68,1
12.41,71.44,4871,0.89,0.88,1
8.96,124.93,8761,0.62,0.82,1
12.85,35.44,5919,0.65,1.00,1
21.66,30.07,3958,0.98,0.92,1
7.67,92.59,4872,0.72,0.75,1
6.76,40.33,10478,0.81,0.83,1
17.85,100.06,5877,0.78,0.38,1
11.23,101.62,2223,0.68,0.38,1
23.51,72.54,9420,0.67,0.93,1
6.68,72.42,6381,0.90,0.62,1
16.89,73.24,2349,0.92,0.79,1
23.91,112.96,1407,0.64,0.42,1
22.77,36.35,1170,0.64,0.40,1
20.05,49.64,9252,0.69,0.77,1
6.15,34.56,8983,0.90,0.77,1
18.06,89.40,1434,0.65,0.69,1
5.53,54.83,3160,0.76,0.79,1
20.56,75.10,4243,0.68,0.78,1
13.87,105.39,2126,0.69,0.54,1
9.30,105.51,3841,0.62,0.86,1
6.95,45.61,10600,0.64,0.47,1
14.17,86.13,10227,0.88,0.32,1
15.93,104.00,8786,0.69,0.83,1
18.38,76.31,2133,0.71,0.44,1
19.20,54.76,6393,0.91,0.31,1
24.11,70.22,2019,0.92,0.93,1
21.96,39.82,6420,0.94,0.48,1
5.14,90.04,1672,0.76,0.90,1
6.62,120.44,8950,0.73,0.57,1
10.32,102.23,10702,0.99,0.48,1
9.03,102.12,1167,0.89,0.75,1
18.04,105.23,6880,0.61,0.58,1
22.81,55.40,6059,0.87,0.74,1
24.33,104.57,4140,0.98,0.92,1
17.82,102.98,9698,0.99,0.34,1
10.66,101.64,3704,0.89,0.72,1
10.05,37.71,5643,0.71,0.93,1
24.61,41.27,1859,0.77,0.83,1
13.38,112.85,4156,0.92,0.59,1
15.00,80.86,3332,0.61,0.46,1
17.79,81.56,10366,0.67,0.66,1
12.65,77.11,10984,0.96,0.78,1
23.28,57.17,10849,0.81,0.72,1
10.52,59.97,1120,0.96,0.74,1
13.80,73.84,2519,0.97,0.52,1
12.69,61.77,4583,0.67,0.79,1
12.16,56.09,2200,0.63,0.36,1
13.86,63.17,9925,0.65,0.48,1
7.62,123.31,1588,0.92,0.76,1
18.57,114.60,5804,0.71,0.55,1
6.78,92.83,7782,0.79,0.41,1
17.89,59.45,8665,0.67,0.32,1
22.64,32.45,5902,0.91,0.78,1
19.97,75.95,5709,0.74,0.32,1
13.39,98.09,5348,0.98,0.74,1
15.43,106.93,2258,0.86,0.84,1
24.40,86.01,8367,0.99,0.98,1
10.84,75.98,1958,0.70,0.48,1
22.65,74.59,6236,0.85,0.87,1
21.33,79.73,10790,0.97,0.41,1
6.40,62.94,9011,0.91,0.33,1
17.75,129.15,10993,0.86,0.53,1
11.26,42.18,9540,0.85,0.99,1
19.99,75.18,8369,0.77,0.80,1
9.33,42.09,1366,0.95,0.64,1
23.00,52.89,4719,0.82,0.93,1
18.08,125.67,8128,0.92,0.97,1
10.46,126.38,3907,0.78,0.37,1
19.47,47.21,1181,0.92,0.61,1
11.72,100.88,7046,0.80,0.41,1
19.90,97.57,6555,0.79,0.45,1
20.04,96.72,8981,0.99,0.33,1
11.20,89.00,10337,0.84,0.61,1
24.64,95.88,1160,0.69,0.59,1
14.57,118.66,7263,0.80,0.85,1
13.97,74.03,4536,0.86,0.31,1
6.40,125.06,4117,0.74,0.56,1
17.51,103.53,2862,0.84,0.39,1
10.45,34.39,7345,0.88,0.40,1
23.47,46.68,10554,0.77,0.83,1
9.91,101.19,3960,0.95,0.83,1
17.72,48.79,4575,0.98,0.92,1
18.69,102.66,3674,0.61,0.92,1
20.49,63.48,3621,0.99,0.76,1
11.18,126.25,5045,0.95,0.38,1
10.57,90.23,9728,0.60,0.83,1
12.71,71.11,2847,0.75,0.58,1
21.52,102.39,9109,0.91,0.46,1
21.47,99.81,9223,0.85,0.63,1
8.57,117.07,6233,0.93,0.54,1
15.37,36.80,8962,0.70,0.87,1
7.58,97.88,3829,0.74,0.70,1
16.47,77.01,9274,0.97,0.57,1
12.29,59.75,6096,0.74,0.70,1
14.19,107.58,6449,1.00,0.38,1
17.55,67.01,7607,0.62,0.75,1
15.09,52.77,5324,0.75,0.89,1
9.77,30.11,1766,0.99,0.99,1
5.93,117.91,7980,0.78,0.91,1
17.35,93.60,4333,0.63,0.38,1
24.31,52.04,5474,0.76,0.69,1
12.82,63.14,10077,0.98,0.78,1
20.99,111.04,5491,0.92,0.65,1
21.95,58.08,3992,0.66,0.57,1
13.32,60.55,7735,0.81,0.84,1
24.17,82.10,7122,0.60,0.52,1
13.02,86.64,5485,0.79,0.33,1
8.30,66.21,3804,0.71,0.94,1
10.06,49.62,9070,0.79,0.91,1
12.05,74.38,3084,0.65,0.45,1
17.70,85.38,4581,0.86,0.45,1
16.65,129.14,8685,0.70,0.55,1
11.94,78.16,7464,0.93,0.65,1
12.92,51.60,2560,0.76,1.00,1
24.57,70.44,3694,1.00,0.34,1
22.38,73.84,5866,0.75,0.97,1
17.75,76.51,5409,0.77,0.62,1
5.17,85.34,10239,0.66,0.43,1
16.50,105.02,6583,0.68,0.65,1
18.15,129.05,1556,0.95,0.69,1
7.80,72.27,7108,0.84,0.84,1
13.63,105.53,1118,0.74,0.63,1
10.29,74.42,8377,0.72,0.96,1
13.58,96.17,10138,0.86,0.59,1
16.29,42.41,1967,0.80,0.32,1
6.23,124.38,2466,0.99,0.67,1
19.53,73.34,10141,0.98,0.63,1
22.52,105.55,8148,0.67,0.66,1
19.76,114.45,9889,0.89,0.44,1
10.88,90.30,10902,0.85,0.51,1
15.39,61.34,7098,0.72,0.77,1
10.01,100.42,5034,0.76,0.30,1
23.88,78.94,6318,0.75,0.63,1
14.45,76.98,2426,0.70,0.93,1
12.81,73.22,3531,0.95,0.95,1
17.32,127.34,4719,0.74,0.50,1
10.66,65.77,4549,0.82,0.60,1
11.46,99.78,10825,0.91,0.72,1
18.74,71.22,8190,0.92,0.44,1
5.21,32.93,1039,0.78,0.46,1
10.53,117.51,2616,0.70,0.38,1
21.35,107.07,5494,0.68,0.84,1
5.26,112.06,4297,0.99,0.85,1
16.28,32.30,8626,0.93,0.41,1
6.39,116.47,6106,0.90,0.32,1
19.45,87.59,2227,0.90,0.37,1
15.28,117.28,2615,0.68,0.84,1
16.00,79.27,4315,0.74,0.81,1
7.47,81.93,5575,0.77,0.93,1
14.07,38.23,8655,0.82,0.66,1
21.82,127.33,3727,0.66,0.35,1
10.42,108.38,4369,0.82,0.76,1
22.33,104.92,10556,0.66,0.88,1
22.22,59.83,9835,0.76,0.76,1
6.18,60.31,10165,0.76,0.62,1
24.40,54.51,1961,0.68,0.41,1
6.28,76.98,8806,0.63,0.97,1
10.38,55.30,10297,0.88,0.91,1
15.99,110.09,8281,0.93,0.76,1
16.17,78.11,9917,0.85,0.63,1
6.67,54.65,4280,0.65,0.64,1
7.94,43.35,2930,0.76,0.42,1
13.99,106.40,10637,0.94,0.61,1
19.02,120.38,8093,0.71,0.40,1
20.67,82.36,4614,0.84,0.54,1
23.67,128.76,1105,0.77,0.72,1
24.04,123.51,1621,0.87,0.70,1
15.46,88.12,8000,0.70,0.85,1
15.49,35.35,10718,0.66,0.69,1
16.96,74.25,8225,0.63,0.60,1
5.22,94.23,4102,0.77,0.52,1
7.58,76.57,8342,0.67,0.48,1
9.04,92.68,4902,0.86,0.72,1
23.19,46.72,8783,0.88,0.88,1
20.63,41.28,6384,0.82,0.57,1
5.67,100.56,3853,0.66,0.69,1
5.26,74.08,10448,0.91,0.76,1
5.27,92.01,7532,0.97,0.78,1
17.54,37.47,2487,0.74,0.82,1
6.55,39.34,3101,0.78,0.33,1
17.29,78.73,9546,0.89,0.53,1
23.76,62.67,1411,0.67,0.64,1
13.78,106.60,6972,0.63,0.72,1
7.99,44.99,6977,0.67,0.30,1
24.75,116.57,8657,0.97,0.90,1
6.55,55.06,3635,0.94,0.81,1
15.35,65.14,5434,0.64,0.33,1
6.35,102.65,4052,0.66,0.50,1
18.00,82.83,4868,0.98,0.47,1
12.01,30.78,2026,0.66,0.87,1
15.70,116.44,9436,0.91,0.65,1
21.98,116.20,1590,0.72,0.87,1
10.53,65.24,2790,0.79,0.61,1
21.09,115.74,10318,0.77,0.81,1
13.44,58.54,9563,0.86,0.60,1
21.02,74.02,7498,0.83,0.62,1
14.45,101.71,4637,0.65,0.79,1
11.94,104.90,10168,0.91,0.60,1
5.76,67.94,9013,0.95,0.53,1
21.09,96.19,10509,0.67,0.66,1
17.82,100.10,8408,0.94,0.93,1
14.53,104.27,3774,0.71,0.87,1
16.27,116.92,8633,0.97,0.34,1
20.14,90.66,9700,0.98,0.40,1
6.02,54.41,1277,0.80,0.73,1
11.27,122.53,4460,0.61,0.30,1
21.46,64.05,3950,0.75,0.78,1
19.29,36.70,1537,0.71,0.64,1
11.69,121.76,6111,0.93,0.93,1
17.42,74.80,1504,0.90,0.43,1
17.73,95.87,4099,0.70,0.39,1
7.35,49.78,4323,0.66,0.81,1
14.95,79.41,5006,0.67,0.58,1
12.29,80.71,10577,0.91,0.62,1
14.29,63.89,6305,0.61,0.66,1
22.06,62.87,3673,0.68,0.43,1
22.76,41.90,2872,0.84,0.98,1
17.56,59.34,10506,0.94,0.38,1
14.98,52.51,7324,0.88,0.56,1
15.07,31.35,5154,0.92,0.61,1
13.89,55.50,2508,0.81,0.36,1
15.74,36.83,2552,0.82,0.48,1
8.31,79.75,9064,0.71,0.83,1
6.96,47.84,9011,0.80,0.59,1
15.90,85.49,5903,0.68,0.89,1
11.13,60.15,10462,0.80,0.48,1
9.02,99.31,5927,0.60,0.68,1
7.75,51.38,1925,0.64,0.76,1
8.45,94.07,1832,0.81,0.90,1
14.62,34.49,7569,0.77,0.62,1
21.49,67.46,6944,0.90,0.44,1
18.11,63.49,6155,0.99,0.63,1
10.56,61.57,8565,0.72,0.48,1
6.26,85.39,7908,0.84,0.54,1
14.20,115.05,1099,0.61,0.31,1
7.51,59.40,5661,0.68,0.38,1
19.30,106.73,8128,0.80,0.58,1
6.27,61.98,2913,0.75,0.69,1
12.13,129.39,7064,0.87,0.45,1
7.09,33.35,2132,0.98,0.40,1
7.51,104.51,4859,0.65,0.55,1
12.58,98.35,4097,0.85,0.95,1
19.47,85.10,2480,0.94,0.99,1
14.97,84.69,6257,0.80,0.65,1
14.77,111.84,6103,0.78,0.98,1
5.20,99.06,1546,0.87,0.71,1
15.83,50.31,8978,0.97,0.96,1
8.36,99.87,7915,0.86,0.35,1
17.68,86.60,5812,0.81,0.53,1
24.34,106.63,9669,0.80,0.75,1
14.76,46.35,6303,0.62,0.83,1
15.93,42.87,1380,0.60,0.86,1
6.41,105.99,7411,0.73,0.83,1
17.23,96.46,9240,0.65,0.43,1
22.56,115.47,4577,0.82,0.69,1
21.44,70.64,9576,0.97,0.86,1
16.30,54.18,9383,0.64,0.82,1
10.98,63.91,1894,0.68,0.89,1
17.91,92.08,9461,0.74,0.47,1
19.80,36.52,1187,0.62,0.79,1
17.39,92.20,9001,0.91,0.87,1
15.67,62.09,5568,0.80,0.31,1
7.27,117.21,2105,0.64,0.39,1
24.29,125.50,1998,0.79,0.67,1
17.94,44.28,5626,0.87,0.95,1
8.97,94.61,3943,0.82,0.52,1
9.41,51.13,7072,0.73,0.45,1
9.45,121.71,7190,0.73,0.34,1
6.68,125.54,3651,0.88,0.64,1
24.73,97.70,10161,0.74,0.37,1
12.92,41.63,6338,0.72,0.49,1
22.32,50.15,1240,0.97,0.68,1
6.54,96.95,9847,0.65,0.35,1
21.72,79.09,3221,0.73,0.76,1
5.12,92.39,10032,0.75,0.66,1
14.10,65.76,6268,0.81,0.85,1
20.48,108.76,10266,0.61,0.38,1
21.66,40.66,3301,0.69,0.66,1
10.37,40.55,6661,0.61,0.46,1
6.12,110.32,3628,0.89,0.94,1
18.16,89.23,10715,0.62,0.52,1
20.18,55.86,8150,0.88,0.43,1
10.84,120.62,1255,0.91,0.52,1
6.68,91.01,4176,0.60,0.31,1
6.60,45.64,8460,0.88,0.92,1
19.85,116.60,9182,0.78,0.80,1
5.58,35.03,1276,0.84,0.52,1
7.37,95.57,4409,0.78,0.54,1
24.14,80.92,1265,0.62,0.64,1
16.12,106.25,7274,0.78,0.85,1
6.31,122.61,5545,0.76,0.91,1
15.11,83.93,10056,0.80,0.90,1
7.53,38.02,9078,0.61,0.46,1
7.86,100.54,6363,0.64,0.62,1
11.79,66.79,4821,0.65,0.98,1
7.07,41.71,2074,0.64,0.54,1
17.11,79.62,2619,0.92,0.57,1
12.30,86.50,10796,0.82,0.93,1
21.23,94.01,6492,0.78,0.76,1
23.37,49.72,2418,0.93,0.90,1
23.07,93.82,4042,0.97,0.71,1
15.95,116.84,10897,0.99,0.50,1
11.79,111.32,6671,0.66,0.60,1
22.84,86.61,10322,0.81,0.64,1
23.49,102.99,10761,0.73,0.84,1
18.99,62.91,5087,0.77,0.30,1
11.02,126.36,7496,0.68,0.90,1
22.25,108.46,2823,0.97,0.53,1
24.95,97.72,2378,0.62,0.65,1
21.13,81.30,5876,0.84,0.46,1
23.29,92.44,9019,0.66,0.91,1
23.14,125.88,6128,0.80,0.98,1
12.13,39.63,4239,0.77,0.55,1
5.22,86.39,6803,0.96,0.57,1
16.14,61.25,6552,0.62,0.50,1
12.33,60.55,3018,0.68,0.40,1
12.18,83.99,4074,0.94,0.78,1
24.22,102.48,10702,0.92,0.62,1
9.58,92.13,10045,0.82,0.66,1
5.20,111.45,3802,0.82,0.36,1
21.23,86.57,4115,0.83,0.92,1
24.32,114.40,5679,1.00,0.56,1
15.32,124.42,1783,0.89,0.70,1
22.30,96.88,1287,0.78,0.38,1
18.64,41.46,9810,0.64,0.81,1
18.30,113.82,8547,0.87,0.42,1
6.72,31.60,1608,0.72,0.83,1
10.33,79.33,1763,0.96,0.86,1
22.93,71.39,4411,0.79,0.79,1
18.45,50.48,7685,0.85,0.71,1
20.16,35.72,9619,0.69,0.99,1
24.17,91.69,2454,0.74,0.37,1
21.98,74.54,9210,0.66,0.74,1
16.66,103.07,7749,0.99,0.89,1
8.68,109.56,3540,0.93,0.42,1
15.95,100.71,8742,0.94,0.57,1
8.68,49.57,9459,0.79,0.69,1
24.64,124.45,10307,0.94,0.69,1
6.58,53.38,7005,0.91,0.91,1
24.11,95.08,7622,0.82,0.51,1
16.92,41.28,4619,0.67,0.63,1
20.34,41.27,8508,1.00,0.63,1
22.41,122.49,6251,0.80,0.97,1
16.79,124.63,1674,0.84,0.40,1
6.97,104.04,1845,0.93,0.76,1
15.79,79.76,3934,0.99,0.99,1
16.96,50.33,8566,0.95,0.91,1
22.36,36.18,5380,0.68,0.42,1
5.03,89.43,4388,0.90,0.58,1
20.57,89.70,2123,0.87,0.64,1
16.28,57.72,1463,0.71,0.89,1
9.17,120.05,3278,0.84,0.79,1
20.06,62.82,8703,0.72,0.32,1
14.33,68.53,9783,0.66,0.52,1
15.75,38.81,2179,0.75,0.57,1
8.68,57.84,4132,0.95,0.35,1
17.93,114.66,5154,0.75,0.53,1
9.43,80.09,6111,0.83,0.71,1
16.95,45.14,1365,0.70,0.48,1
22.14,30.20,6285,0.62,0.96,1
5.97,92.95,6080,0.89,0.56,1
13.58,79.59,8440,0.91,0.70,1
21.38,55.51,6857,0.81,0.40,1
11.21,129.42,2789,0.81,0.71,1
11.48,71.62,1205,0.86,0.61,1
13.67,121.15,6704,0.70,0.78,1
22.41,75.91,6612,0.69,0.50,1
16.79,123.12,7352,0.76,0.59,1
18.36,124.52,10922,0.90,0.69,1
12.18,40.18,3094,0.66,0.93,1
7.26,93.89,10257,0.78,0.49,1
5.79,124.89,10606,0.70,0.52,1
24.65,77.78,3794,0.70,0.54,1
10.73,82.18,10400,0.72,0.50,1
12.13,47.50,4390,0.78,0.42,1
21.06,58.31,3136,0.71,0.35,1
7.85,106.87,7313,0.95,0.76,1
10.37,37.82,7309,0.96,0.59,1
5.94,122.60,5333,1.00,0.43,1
20.13,110.83,2277,0.98,0.76,1
8.16,62.80,6107,0.74,0.80,1
14.09,43.79,10313,0.76,0.74,1
8.83,73.30,2494,0.80,0.53,1
21.23,92.04,3739,0.84,0.35,1
5.78,100.90,8489,0.78,0.54,1
13.90,105.45,10712,0.84,0.69,1
21.72,59.75,4641,0.91,0.45,1
13.10,60.69,9348,0.75,0.46,1
15.93,31.61,1288,0.93,0.52,1
5.32,84.70,10961,0.92,0.52,1
21.01,102.35,7968,0.80,0.86,1
13.64,110.93,10683,0.78,0.59,1
13.73,66.05,4572,0.65,0.91,1
20.86,100.43,6840,0.62,0.75,1
19.64,81.23,7363,0.64,0.51,1
12.76,100.05,7539,0.91,0.41,1
14.70,128.67,7586,0.92,0.60,1
24.31,94.05,7000,0.98,0.65,1
10.19,129.79,8740,0.75,0.45,1
10.18,117.23,8013,0.63,0.80,1
10.82,108.64,6594,0.71,0.94,1
9.58,85.29,8906,0.89,0.51,1
11.28,128.27,2442,0.69,0.90,1
18.75,91.07,10355,0.72,0.96,1
6.49,112.36,8914,0.68,0.64,1
6.16,58.77,8645,0.70,0.40,1
22.62,42.12,6051,0.95,0.55,1
9.62,87.80,1573,0.64,0.50,1
24.29,119.04,2134,0.61,0.55,1
22.16,87.14,1187,0.88,0.98,1
21.32,44.16,2137,0.69,0.88,1
14.60,83.55,6590,0.63,0.92,1
12.11,73.88,5109,0.85,0.67,1
13.13,77.43,10958,0.88,0.61,1
21.35,32.90,4183,0.69,0.83,1
13.37,93.55,10339,0.60,0.31,1
8.84,39.43,4711,0.96,0.45,1
6.82,71.27,5765,0.72,0.90,1
13.04,113.49,7845,0.83,0.87,1
13.53,95.00,6986,0.91,0.88,1
14.34,63.17,3802,0.78,0.35,1
13.43,93.36,3518,0.90,0.58,1
11.59,43.99,7310,0.79,0.50,1
18.80,96.17,2179,0.95,0.60,1
5.04,71.26,4804,0.67,0.65,1
5.08,114.59,9673,0.80,0.84,1
15.44,97.99,10707,0.96,0.68,1
17.46,32.40,3749,0.65,0.54,1
24.67,115.71,2082,1.00,0.31,1
24.92,122.68,5406,0.79,0.45,1
9.65,35.39,1336,0.74,0.48,1
5.99,34.80,9110,0.95,0.80,1
18.13,51.86,6670,0.77,0.84,1
24.71,104.45,10613,0.92,0.51,1
10.22,62.68,3979,0.74,0.99,1
23.52,34.71,6552,0.76,0.39,1
18.53,108.42,1551,0.84,0.68,1
11.18,75.84,10527,0.61,0.40,1
24.05,62.49,10164,0.72,0.59,1
24.92,76.74,7452,0.72,0.91,1
14.92,103.03,10938,0.86,0.53,1
8.39,119.79,10789,0.65,0.46,1
22.58,63.51,10247,0.84,0.58,1
24.34,96.72,4277,0.78,0.37,1
20.81,110.75,1717,0.63,0.70,1
10.24,35.18,10492,0.75,0.61,1
16.00,43.46,10166,0.79,0.32,1
8.58,33.40,2876,0.99,0.70,1
18.41,81.42,9307,0.84,0.95,1
9.15,72.72,6642,0.86,0.78,1
16.51,122.95,4947,0.63,0.71,1
19.40,32.24,3386,0.70,0.97,1
15.81,37.47,2332,0.81,0.62,1
11.71,55.32,3066,0.81,0.77,1
6.05,31.95,8851,0.68,0.74,1
5.28,35.15,7527,0.78,0.45,1
7.67,40.10,9996,0.80,0.40,1
19.04,101.25,4608,0.89,0.58,1
22.54,53.97,7198,0.85,0.34,1
23.28,47.70,6638,0.89,0.49,1
23.66,53.66,4667,0.70,0.38,1
17.01,98.18,2153,0.72,0.34,1
13.51,70.14,8770,0.72,0.82,1
18.12,117.34,6202,0.94,0.72,1
23.66,43.54,9251,0.90,0.80,1
24.85,106.39,10393,0.81,0.96,1
23.45,104.55,1655,0.97,0.51,1
23.20,125.77,2433,0.64,0.31,1
9.02,129.46,6573,0.76,0.67,1
19.50,100.26,2033,0.68,0.91,1
15.97,85.86,5389,0.95,1.00,1
23.28,93.49,5211,0.89,0.34,1
20.46,64.53,3951,0.66,0.81,1
6.11,120.45,6261,0.85,0.31,1
12.32,84.82,6033,0.89,0.88,1
23.68,62.79,3774,0.88,0.48,1
6.94,92.06,4527,0.88,0.53,1
6.21,95.83,10583,0.65,0.98,1
17.68,113.82,5118,0.80,0.99,1
10.19,81.17,6664,0.80,0.70,1
6.41,30.44,3179,0.78,0.42,1
24.51,77.45,9604,0.85,0.83,1
15.98,106.84,5023,0.75,0.69,1
18.75,63.88,4601,0.85,0.52,1
5.69,75.69,5424,0.82,0.37,1
11.14,86.67,1704,0.62,0.38,1
17.09,65.70,9042,0.67,0.51,1
6.29,101.42,1933,0.71,0.93,1
9.17,78.74,9831,0.76,0.38,1
21.44,31.25,8351,0.70,0.55,1
6.82,113.63,5848,0.86,0.99,1
13.57,74.78,1395,0.80,0.65,1
17.00,126.87,2704,0.83,0.42,1
21.54,56.79,2187,0.81,0.62,1
6.76,46.60,1865,0.81,0.97,1
16.82,93.22,1356,0.81,0.96,1
15.19,126.94,9382,0.85,0.30,1
20.37,32.27,8396,0.87,0.99,1
6.35,97.85,3940,0.81,0.73,1
16.68,120.89,1874,0.99,0.88,1
9.91,81.36,3889,0.79,0.36,1
13.04,78.07,8048,0.67,0.49,1
21.74,116.22,2531,0.91,0.62,1
5.99,71.11,4612,0.72,0.59,1
14.87,60.74,8330,0.74,0.88,1
24.79,129.77,10553,0.60,0.72,1
14.59,113.41,8780,0.99,0.66,1
21.32,30.48,10028,0.67,0.31,1
6.63,92.13,1640,0.95,0.96,1
6.89,42.28,9813,0.73,0.57,1
16.29,122.14,1444,0.65,0.97,1
9.87,105.81,9388,0.66,0.74,1
12.32,95.80,5929,0.76,0.84,1
8.69,113.05,3421,0.65,0.37,1
21.23,63.61,9469,0.64,0.35,1
10.06,41.55,4427,0.62,0.39,1
15.73,53.25,1916,0.97,0.49,1
23.59,83.75,9005,0.88,0.62,1
13.42,89.65,7376,0.65,0.51,1
23.47,125.74,3911,0.91,0.39,1
10.85,73.37,5818,0.62,0.37,1
16.51,42.37,7868,0.91,0.57,1
6.46,108.11,7349,0.99,0.80,1
10.48,129.73,9559,0.80,0.34,1
11.32,33.41,1365,0.72,0.62,1
10.93,127.32,2664,0.70,0.71,1
16.50,37.99,4047,0.95,0.42,1
24.71,120.44,3024,0.64,0.55,1
23.86,107.81,6840,0.71,0.56,1
22.54,47.94,7953,0.81,0.76,1
22.40,68.12,3924,0.79,0.99,1
21.68,48.28,3888,0.62,0.31,1
15.25,104.96,1262,0.72,0.61,1
11.22,106.58,3344,0.67,0.46,1
18.00,105.98,10617,0.93,0.69,1
6.44,75.70,8156,0.66,0.97,1
24.73,115.34,4638,0.70,0.79,1
5.46,94.18,3955,0.74,0.71,1
19.42,123.63,3340,0.61,0.51,1
21.02,40.39,4163,0.93,0.33,1
23.76,129.07,3011,0.76,0.58,1
22.96,49.08,9656,0.96,0.94,1
6.55,111.90,8603,0.95,0.94,1
24.00,85.06,5868,0.88,0.63,1
18.68,117.10,4457,0.64,0.34,1
13.18,114.99,2915,0.79,0.76,1
5.75,90.10,3298,0.99,0.78,1
8.95,69.08,4402,0.95,0.93,1
19.71,36.40,2531,0.68,0.77,1
5.19,116.55,5676,0.93,0.85,1
20.60,41.60,5120,0.93,0.44,1
10.72,62.25,10634,0.98,0.90,1
15.03,127.25,3529,0.64,0.37,1
5.23,126.02,6474,0.94,0.64,1
23.43,32.93,9290,0.60,0.96,1
15.63,110.04,10878,0.74,0.59,1
7.23,123.36,6079,0.71,0.90,1
9.03,121.15,1190,0.98,0.78,1
24.27,57.13,6600,0.98,0.52,1
6.19,125.11,10969,0.86,0.63,1
18.73,107.14,3696,0.96,0.77,1
5.51,109.99,3900,0.69,0.60,1
9.07,127.35,3613,0.75,0.35,1
17.53,69.46,3519,0.60,0.67,1
16.57,69.11,3800,0.72,0.81,1
20.70,111.67,7956,0.75,0.39,1
9.27,43.63,2932,0.77,0.58,1
23.28,32.85,1767,0.74,0.89,1
6.79,90.05,2193,0.61,0.50,1
16.48,51.94,1737,0.93,0.90,1
23.77,98.85,5126,0.63,0.52,1
14.65,120.10,1287,0.74,0.70,1
13.59,65.65,8452,0.80,0.72,1
22.61,37.46,6852,0.75,0.81,1
15.42,66.37,5144,0.60,0.50,1
8.70,35.56,8668,0.70,0.79,1
7.23,57.67,1281,0.96,0.64,1
17.99,73.27,7449,0.98,0.53,1
23.27,85.01,5168,0.90,0.84,1
19.56,96.47,7477,0.91,0.42,1
11.06,44.17,3530,0.73,0.78,1
24.91,52.24,9691,0.88,0.49,1
11.89,92.12,10455,0.94,0.79,1
9.17,37.76,6650,0.75,0.96,1
15.47,79.34,10968,0.96,0.56,1
18.21,75.25,2045,0.92,0.76,1
16.35,42.91,9081,0.61,0.38,1
7.97,53.09,9885,0.80,0.72,1
16.52,74.86,5184,0.85,0.83,1
8.93,114.87,4871,0.77,0.30,1
11.04,38.99,6585,0.87,0.87,1
20.40,85.68,1853,0.70,0.84,1
7.04,108.03,3440,0.97,0.32,1
22.37,55.59,8530,0.79,0.56,1
7.55,88.47,8674,0.70,0.72,1
17.70,68.04,2850,0.92,0.58,1
5.18,114.10,7220,0.81,0.90,1
15.55,80.07,1473,0.97,0.34,1
17.61,57.43,7528,0.78,0.48,1
9.54,62.32,5049,0.67,0.97,1
13.81,62.86,3205,0.68,0.81,1
16.03,105.50,10206,0.80,0.49,1
18.77,93.86,1020,0.83,0.72,1
17.55,68.67,6637,0.79,0.65,1
15.88,73.15,9456,0.68,0.82,1
7.03,48.00,10895,0.90,0.86,1
7.08,111.63,6206,0.66,0.59,1
23.24,113.63,3920,0.75,0.89,1
5.83,117.32,3587,0.70,0.88,1
23.59,128.04,9730,0.84,0.83,1
13.17,87.10,10428,0.72,0.51,1
20.76,65.92,2693,0.72,0.38,1
12.43,85.73,2339,0.69,0.83,1
8.74,58.80,7900,0.84,0.97,1
19.18,125.04,6296,0.78,0.46,1
23.05,34.32,3083,0.70,0.30,1
20.97,54.59,5835,0.63,0.71,1
20.17,43.99,9161,0.92,0.75,1
24.59,94.39,8183,0.78,0.78,1
9.03,109.23,7127,0.75,0.55,1
13.70,58.20,3679,0.87,0.77,1
18.76,75.44,7295,0.87,0.78,1
24.72,76.61,1142,0.93,0.32,1
7.73,112.80,9742,0.71,0.87,1
10.27,46.70,1646,0.74,0.83,1
5.41,66.28,5925,0.89,0.69,1
6.30,39.77,2647,0.97,0.42,1
22.15,115.35,5709,0.91,0.54,1
11.52,95.39,3061,0.98,0.89,1
17.73,96.76,3595,1.00,0.43,1
17.37,85.11,9576,0.89,0.69,1
7.86,70.97,1302,0.60,0.43,1
18.45,62.90,6735,0.68,0.31,1
11.18,30.33,8566,0.66,0.66,1
13.31,69.42,9668,0.82,0.72,1
16.00,80.68,3641,0.79,0.62,1
7.54,108.04,1258,0.70,0.78,1
18.88,80.84,6955,0.88,0.94,1
15.54,98.09,10898,0.73,0.79,1
12.09,36.76,5820,0.84,0.96,1
16.05,114.21,1892,0.77,0.73,1
11.92,63.93,5797,1.00,0.58,1
24.68,98.17,3834,0.97,0.59,1
17.05,59.67,4488,0.87,0.44,1
7.17,123.15,10644,0.79,0.37,1
9.07,38.68,9171,0.99,0.85,1
14.05,108.92,3448,0.65,0.97,1
6.64,54.93,6433,0.98,0.32,1
22.23,95.92,3381,0.97,0.88,1
16.17,67.79,7954,0.72,0.97,1
13.85,84.73,4985,0.64,0.75,1
5.31,79.22,1217,0.82,0.57,1
12.11,37.69,7165,0.81,0.91,1
5.27,77.98,5508,0.82,0.31,1
20.25,60.73,3522,0.94,0.93,1
19.81,74.94,10929,0.70,0.61,1
5.76,97.66,2796,0.76,0.94,1
20.51,55.43,8523,0.81,0.88,1
8.44,128.96,7967,0.98,0.35,1
19.35,63.13,2485,0.81,0.82,1
11.32,77.88,9695,0.96,0.80,1
8.02,37.46,8198,0.79,0.73,1
24.97,59.62,2792,0.82,0.74,1
21.63,53.78,9682,0.98,0.62,1
5.54,111.94,4147,0.65,0.94,1
23.60,69.87,2038,0.68,0.68,1
23.91,49.15,3216,0.72,0.61,1
17.12,59.65,3838,0.88,0.68,1
24.58,51.64,6838,0.94,0.71,1
13.60,53.49,8652,0.86,0.61,1
14.73,110.54,7031,0.68,0.48,1
15.38,75.83,5268,0.60,0.51,1
11.47,85.76,7672,0.93,0.48,1
6.62,53.25,6243,0.71,0.57,1
9.96,40.78,2575,0.84,0.35,1
24.32,99.96,2065,0.86,0.79,1
22.80,109.53,7696,0.70,0.64,1
9.62,42.58,3829,0.96,0.61,1
8.84,109.47,7514,0.78,0.31,1
12.22,122.49,10688,0.97,0.47,1
11.86,127.72,5868,0.97,0.93,1
9.32,95.71,3244,0.90,0.97,1
12.90,39.06,4385,0.96,1.00,1
18.05,66.13,8494,0.85,0.73,1
14.45,61.46,1488,0.79,0.76,1
5.35,66.08,9495,0.78,0.89,1
22.34,72.78,5505,0.81,0.43,1
23.01,119.72,2858,0.69,0.40,1
24.15,103.02,7694,0.63,0.71,1
5.63,129.66,7591,0.80,0.94,1
12.96,107.07,2928,0.98,0.68,1
8.17,113.12,5933,1.00,0.71,1
8.84,30.47,7990,0.77,0.78,1
17.33,66.15,6245,0.61,0.57,1
13.82,60.82,5278,0.79,0.89,1
12.21,53.21,7249,0.90,0.65,1
22.40,122.56,7076,0.94,0.49,1
11.94,66.99,4288,0.78,0.45,1
20.98,48.63,1269,0.96,0.42,1
10.98,70.91,8720,0.76,0.36,1
23.67,62.55,3992,0.89,0.58,1
23.61,126.20,5192,0.67,0.50,1
16.25,56.65,3970,0.93,0.60,1
17.95,68.01,3659,0.71,0.90,1
16.67,58.82,8835,0.76,0.49,1
22.36,98.07,6881,0.67,0.74,1
15.93,100.80,7901,0.91,0.69,1
20.31,50.74,2565,0.65,0.44,1
16.45,52.49,2028,0.80,0.64,1
15.62,113.27,8390,0.92,0.75,1
7.87,93.12,7491,0.96,0.34,1
9.02,61.97,10924,0.97,0.75,1
7.65,101.15,6258,0.70,0.53,1
20.29,83.70,6732,0.76,0.43,1
11.76,94.26,2517,0.95,0.64,1
10.16,91.77,1619,0.72,0.74,1
7.67,89.18,4331,0.71,0.83,1
15.46,104.76,4255,0.72,0.49,1
20.66,81.46,2489,0.61,0.91,1
5.47,40.86,10877,0.88,0.67,1
12.50,95.91,7050,0.65,0.84,1
23.49,74.02,5805,0.80,0.81,1
19.76,82.08,5325,0.74,0.31,1
9.49,113.58,2505,0.74,0.94,1
7.00,71.00,8991,0.86,0.42,1
8.36,87.71,9628,0.89,0.38,1
24.28,83.27,8203,0.73,0.58,1
12.17,126.65,3159,0.86,0.64,1
17.46,102.92,10552,0.70,0.63,1
20.87,81.69,5722,0.61,0.76,1
21.35,126.84,2520,0.64,0.70,1
14.88,84.00,5316,0.86,0.31,1
13.04,92.07,7861,0.96,0.85,1
5.43,44.95,9281,0.60,0.74,1
24.69,84.12,10822,0.87,0.80,1
6.86,100.36,10823,0.84,0.78,1
16.95,38.91,4984,0.90,0.51,1
13.32,121.01,1460,0.78,0.83,1
5.02,104.65,2729,0.96,0.35,1
9.82,71.56,5127,0.77,0.31,1
12.19,53.17,7851,0.70,0.82,1
19.50,109.51,7417,0.65,0.48,1
18.66,71.48,7990,0.76,0.93,1
23.21,115.72,6440,0.76,0.96,1
8.99,70.94,8107,0.71,0.88,1
18.33,99.16,10421,0.81,0.84,1
11.16,30.26,8039,0.74,0.42,1
20.50,127.44,10242,0.65,0.99,1
12.48,107.57,2498,0.71,0.53,1
8.89,75.91,10846,0.61,0.62,1
7.77,92.79,6715,0.95,0.45,1
17.67,40.94,7342,0.85,0.34,1
13.02,68.06,9282,0.96,1.00,1
18.34,111.01,9281,0.70,0.98,1
8.52,32.32,9338,0.81,0.81,1
17.54,32.82,8318,0.69,0.40,1
14.47,111.65,1789,0.95,0.88,1
17.74,105.62,9264,0.97,0.75,1
18.73,69.99,7973,0.82,0.57,1
24.49,72.14,5319,0.84,0.43,1
17.07,118.17,8625,0.97,0.54,1
6.64,45.12,2967,0.63,0.80,1
17.20,109.77,10475,0.91,0.39,1
10.08,54.42,5453,0.77,0.41,1
22.90,112.49,3823,1.00,0.87,1
19.66,51.97,6715,0.85,0.89,1
20.48,76.19,7464,0.60,0.66,1
7.48,114.16,1626,0.69,0.41,1
8.69,68.64,1468,0.74,0.40,1
10.81,55.00,8398,0.98,0.56,1
14.67,81.34,9608,0.88,0.35,1
14.77,73.20,5100,0.80,0.71,1
20.38,70.47,4449,0.67,0.76,1
11.88,60.05,7972,0.80,0.75,1
13.29,36.88,10568,0.66,0.82,1
8.89,42.02,1738,0.87,0.42,1
16.49,53.92,8749,0.62,0.62,1
14.02,86.94,7562,0.92,0.36,1
13.35,98.59,5869,0.82,0.53,1
15.39,89.26,5330,0.65,0.88,1
17.15,83.95,3049,0.75,0.36,1
10.99,66.45,9081,0.71,0.89,1
9.46,103.73,8717,0.67,0.97,1
16.46,39.78,2193,0.80,0.75,1
7.66,31.53,10859,0.84,0.72,1
6.96,83.44,8055,0.74,0.43,1
21.36,129.68,3691,0.79,0.63,1
21.07,59.64,1583,0.87,0.86,1
19.71,54.71,2596,0.62,0.74,1
8.42,34.77,2229,0.91,0.58,1
11.65,62.23,10288,0.86,0.81,1
17.86,62.27,4855,0.69,0.43,1
10.46,58.56,9748,0.97,0.50,1
9.46,99.98,9499,0.92,0.32,1
11.24,36.39,5924,1.00,0.71,1
20.62,94.95,6063,0.95,0.53,1
5.28,108.19,3277,0.71,0.40,1
13.89,113.83,1339,0.83,0.40,1
20.39,75.79,8204,0.89,0.59,1
8.02,79.92,6858,0.92,0.38,1
20.53,105.22,3219,0.80,0.75,1
20.03,81.75,7829,0.77,0.99,1
5.70,59.32,9116,0.98,0.90,1
18.94,125.43,8327,0.98,0.78,1
8.94,60.77,6610,0.77,0.36,1
8.03,97.71,8472,0.91,0.33,1
9.82,38.90,5853,0.73,0.54,1
20.08,46.88,5396,0.99,0.65,1
24.89,119.15,4074,0.60,0.34,1
23.64,46.60,4017,0.62,0.60,1
24.24,98.15,6665,0.81,0.45,1
7.37,47.90,7188,0.87,0.54,1
5.88,107.55,4581,0.90,0.99,1
22.22,98.91,8260,0.72,0.52,1
17.80,109.30,5011,0.93,0.38,1
22.67,78.58,9530,0.75,0.80,1
18.28,124.61,5449,0.76,0.78,1
13.67,111.08,9668,0.86,0.81,1
19.45,122.49,6692,0.87,0.70,1
24.25,80.76,5089,0.79,0.49,1
21.99,88.66,1176,0.88,0.89,1
22.63,119.28,2335,0.99,0.82,1
24.89,115.26,1327,0.99,0.48,1
7.89,36.26,5609,0.66,0.68,1
12.94,64.13,2772,0.98,0.83,1
22.37,77.21,8538,0.68,0.57,1
8.26,76.80,1733,0.83,0.62,1
24.51,86.28,9519,0.90,0.49,1
13.32,79.77,5872,0.99,0.96,1
18.42,117.17,2485,0.98,0.63,1
5.52,88.12,3557,0.77,0.45,1
22.65,93.08,2777,0.74,0.91,1
15.12,67.18,8321,0.71,0.73,1
5.97,69.11,2524,0.96,0.52,1
9.51,47.97,2283,0.61,0.84,1
17.54,66.59,10044,0.79,0.90,1
16.58,43.05,8051,0.78,0.77,1
19.64,123.52,2860,0.83,0.39,1
23.79,51.96,3016,0.85,0.79,1
13.80,98.94,2076,0.65,0.94,1
19.06,59.70,5799,0.75,0.75,1
15.13,71.04,7134,1.00,0.36,1
16.82,48.34,5921,0.68,0.39,1
11.26,102.75,3631,0.96,0.65,1
11.55,68.77,6009,0.75,0.41,1
19.15,54.70,6018,0.80,0.94,1
16.68,113.14,1296,0.97,0.99,1
22.17,69.73,9181,0.84,0.33,1
12.56,111.73,7360,0.62,0.80,1
19.61,71.24,10250,0.97,0.65,1
23.27,128.27,10665,0.91,0.30,1
17.34,85.14,3383,0.65,0.98,1
9.35,34.77,10238,0.70,0.35,1
5.06,105.48,5153,0.68,0.99,1
17.90,30.24,1783,0.89,0.78,1
14.44,100.32,3346,0.74,0.63,1
17.34,56.05,9991,0.91,0.95,1
6.86,59.01,4376,0.61,0.74,1
13.03,72.73,2500,0.69,0.47,1
7.17,77.24,2305,0.97,0.51,1
10.07,110.96,3006,0.79,0.49,1
25.00,81.97,1437,0.98,0.33,1
6.94,111.80,7495,0.61,0.62,1
23.06,40.45,4812,0.65,0.39,1
21.69,100.17,6778,0.68,0.66,1
18.47,57.21,1015,0.84,0.55,1
24.08,54.01,9911,0.71,0.81,1
21.45,65.19,1152,0.90,0.60,1
17.96,39.32,9527,0.75,0.90,1
22.04,50.95,8226,0.91,0.67,1
19.75,83.85,7341,0.65,0.87,1
14.05,77.67,7012,0.78,0.33,1
23.26,96.07,5736,0.96,0.91,1
5.75,96.46,4915,0.87,0.52,1
6.00,109.35,6104,0.60,0.53,1
7.44,70.56,10900,0.66,0.73,1
22.98,126.34,4682,0.89,0.49,1
23.29,39.91,1448,0.92,0.64,1
10.00,91.74,9209,0.70,0.86,1
20.48,42.35,5341,0.64,0.34,1
5.64,127.71,10147,0.67,0.91,1
16.07,53.03,5071,0.67,0.65,1
6.84,86.18,9614,0.69,0.90,1
7.13,45.33,4470,0.67,0.61,1
13.46,94.02,2313,0.60,0.48,1
6.54,119.91,6480,0.89,0.63,1
23.12,51.97,10715,0.67,0.79,1
24.91,86.11,5398,0.83,0.70,1
23.58,124.64,1743,0.96,0.91,1
5.01,78.21,5721,0.79,0.84,1
24.44,50.23,4772,0.70,0.81,1
7.08,124.38,6423,0.67,0.97,1
16.63,48.45,2362,0.97,0.44,1
18.30,42.38,6854,0.86,0.48,1
18.91,48.52,4695,0.80,0.86,1
8.60,87.33,9111,0.99,0.78,1
9.19,111.93,9009,0.65,0.47,1
6.36,43.54,6491,0.88,0.82,1
8.81,82.57,7686,0.88,0.56,1
6.37,83.47,10038,0.75,0.82,1
10.86,40.54,9938,0.67,0.80,1
6.79,80.20,6927,0.75,0.76,1
12.97,75.34,7713,0.93,0.93,1
6.91,104.71,7281,0.70,0.90,1
13.62,61.26,5249,0.77,0.66,1
21.38,113.57,2838,0.86,0.74,1
24.68,99.82,2993,0.79,0.48,1
22.47,38.53,1081,0.77,0.47,1
16.60,112.33,2810,0.86,0.39,1
7.83,43.70,10922,0.95,0.81,1
22.39,62.00,10337,0.98,0.59,1
20.91,33.48,8320,0.97,0.99,1
